Player,Team,Rookie,Rating,GP,MPG,PPG,RPG,APG,FG %,FT %
James Harden, HOU,0,86.25,45,36.2,27.6,5.6,6.8,45.5,88.7
Anthony Davis, NO,0,85.82,41,36,24.5,10.4,1.7,55.6,82.9
LeBron James, CLE,0,82.9,37,37.3,26.4,5.6,7.4,49.2,73.3
Stephen Curry, GS,0,81.1,43,33.1,22.8,4.7,8.2,49.1,92.1
Blake Griffin, LAC,0,80.29,45,35.4,22.8,7.6,5.1,50,71.6
Jimmy Butler, CHI,0,79.63,43,39.5,20.1,6,3.3,45.9,83.4
Pau Gasol, CHI,0,79.27,44,35,18.3,11.9,2.8,48.5,82.5
LaMarcus Aldridge, POR,0,79.11,39,35.8,23.3,10.2,1.9,46,86.9
Damian Lillard, POR,0,79.06,45,36.2,22,4.7,6.2,43.9,86.4
Chris Paul, LAC,0,78.62,45,34.4,17.4,4.7,9.8,47.1,89.3
Kyrie Irving, CLE,0,76.88,43,38.1,21.3,3.1,5.2,46.6,84.4
Nikola Vucevic, ORL,0,76.75,42,34.5,19.5,11.2,2,53.6,77.2
Marc Gasol, MEM,0,76.62,45,34.4,18.9,8.2,3.8,50,80.4
Kyle Lowry, TOR,0,76.36,45,34.8,19.6,4.9,7.4,42.8,80.8
John Wall, WAS,0,76,46,35.7,17.3,4.3,10.2,46.5,76.3
Klay Thompson, GS,0,75.95,42,32.6,23,3.6,3,48.1,85.9
DeMarcus Cousins, SAC,0,75.62,31,33.9,24.2,12.6,3.2,48.1,80.7
Rudy Gay, SAC,0,75.3,40,35.2,20.2,6,4.1,44.8,86.4
Ty Lawson, DEN,0,74.8,43,37.1,17.1,3.3,10,44.4,71.9
Gordon Hayward, UTA,0,74.8,45,34.9,19.2,4.7,4.1,45.6,81.1
Kevin Love, CLE,0,73.97,44,35.3,17.2,10.3,2.3,43,82.1
Paul Millsap, ATL,0,73.27,44,33.3,17,7.9,3.2,48.6,74
Carmelo Anthony, NY,0,72.84,34,36.1,24.1,6.7,3.1,45,79.1
Kemba Walker, CHA,0,72.16,42,35.6,18.8,3.8,5.2,39.9,82.3
Chris Bosh, MIA,0,72.14,37,35.4,21.3,7.5,2.1,47.1,78.2
Eric Bledsoe, PHO,0,71.79,46,33.6,16.9,5.3,6,44.5,81.6
DeAndre Jordan, LAC,0,71.69,45,33.5,10.2,13.4,0.6,73.1,41
Monta Ellis, DAL,0,71.64,46,33.8,20.3,2.5,4.4,45.6,77.8
Brandon Knight, MIL,0,70.99,45,32.4,17.9,4.2,5.1,43.9,89
Jeff Teague, ATL,0,70.43,41,31.4,17.1,2.7,7.5,47.3,86.6
Tyreke Evans, NO,0,70.2,44,34.5,17,5.3,5.6,43.8,68.3
Mike Conley, MEM,0,70.09,42,32.1,17.4,3.4,5.6,45.6,85.5
Al Horford, ATL,0,70.09,43,30.4,15.2,6.7,3.2,54.6,75
Zach Randolph, MEM,0,69.99,36,32.5,17.1,11.9,1.7,51.3,74
Darren Collison, SAC,0,69.75,40,35.4,16.4,3.2,5.8,46.5,79.3
Tobias Harris, ORL,0,69.44,41,34.4,17.4,6.6,1.9,46.5,78.8
Dirk Nowitzki, DAL,0,69.29,43,29.7,18.7,6,2,47,89.9
Tyson Chandler, DAL,0,69.08,44,31.1,10.5,11.9,1.2,67.4,74.7
Russell Westbrook, OKC,0,68.85,31,32.1,24.7,6,7.6,42.4,80
Joe Johnson, BKN,0,68.71,42,35.5,15.5,4.6,3.7,42.7,80.8
Tim Duncan, SA,0,68.71,41,30.3,14.8,10,3.1,48.8,72.9
Goran Dragic, PHO,0,68.57,44,33.1,16.5,3.6,4.1,50.7,77.9
Kobe Bryant, LAL,0,68.35,35,34.5,22.3,5.7,5.6,37.3,81.3
Draymond Green, GS,0,68.27,43,31.9,11.6,8,3.6,44,69.5
Derrick Favors, UTA,0,68.1,41,30.6,15.7,8.6,1.4,54.2,66.9
Kyle Korver, ATL,0,68.1,44,32.9,12.9,4.2,2.9,51.6,92.3
Greg Monroe, DET,0,67.9,44,29.7,15.2,10.3,2,48.9,76.7
Serge Ibaka, OKC,0,67.41,45,32.8,14.2,7.5,0.9,46.2,82.8
Wesley Matthews, POR,0,67.38,45,33.9,16.5,3.4,2.2,46,73.4
Chandler Parsons, DAL,0,67.15,45,32.9,15.5,4.6,2.2,45.7,72.9
Jrue Holiday, NO,0,66.83,37,33.7,15.2,3.5,7.1,44.4,85.1
Dwyane Wade, MIA,0,66.76,35,32.3,21.4,3.8,5.4,48.7,73.6
Luol Deng, MIA,0,66.21,41,32.7,14.3,5,1.9,49.6,71.9
Trevor Ariza, HOU,0,66.16,45,35.7,12.4,5.4,2.2,37,85.2
Andrew Wiggins, MIN ,1,65.84,44,33.5,15.2,4.3,1.8,42.9,72.4
Andre Drummond, DET,0,65.76,46,29.4,12.5,12.9,0.5,49.3,41.8
Arron Afflalo, DEN,0,65.57,45,33.7,15.2,3.6,1.9,43.4,84.8
Kevin Durant, OKC,0,65.54,21,33.1,25.6,6.7,4.1,51.9,85.8
Jared Sullinger, BOS,0,65.51,43,28.7,14.2,8.2,2.2,45.1,75
Al Jefferson, CHA,0,65.43,36,31.4,17.4,8,1.8,48.5,68.6
Markieff Morris, PHO,0,65.24,46,30.3,15.3,5.7,2,49.1,77.8
Wilson Chandler, DEN,0,65.05,44,32.3,14.1,6,1.5,41.2,78.5
Gorgui Dieng, MIN,0,64.84,44,29.8,9.8,8.6,2.2,49.7,80
Victor Oladipo, ORL,0,64.81,39,33.6,16.5,3.8,3.8,45.9,78.9
Jeff Green, MEM,0,64.7,41,32.3,16.7,4.3,1.6,43.2,86
Danny Green, SA,0,64.64,45,30.9,12.1,4.3,2,42.9,84.8
Reggie Jackson, OKC,0,63.72,42,29.5,13.9,4.1,4.5,42.7,86.8
Marcin Gortat, WAS,0,63.66,46,29.6,11.9,8.2,1,54.3,68.9
Thaddeus Young, MIN,0,63.63,39,32.3,14.3,4.8,2.8,44.2,63.5
Michael Carter-Williams, PHI,0,63.54,36,34.2,15.3,6,7.1,38.1,64.2
Dwight Howard, HOU,0,63.11,32,32.2,16.3,11,1.4,57.5,52.7
Brandon Jennings, DET,0,62.91,41,28.6,15.4,2.5,6.6,40.1,83.9
Bradley Beal, WAS,0,62.91,37,33.4,14.9,3.8,3.3,42.7,82
Jonas Valanciunas, TOR,0,62.48,44,26.4,12.5,8.5,0.4,55.3,80.7
Jordan Hill, LAL,0,62.2,46,28.1,12.2,8,1.4,47.6,76.5
J.J. Redick, LAC,0,62.19,45,29.6,14.9,1.7,1.6,46.8,86.3
Giannis Antetokounmpo, MIL,0,62.14,45,28.6,11.4,6.1,2.3,49.5,72.4
Harrison Barnes, GS,0,61.99,43,29.7,10.4,6,1.4,49.7,72.7
Josh Smith, HOU,0,61.78,46,28.7,12,6.4,3.7,40.6,45.8
Kenneth Faried, DEN,0,61.77,42,27.6,11.9,9,1.3,51,67.8
Courtney Lee, MEM,0,61.75,42,32,11.3,2.4,2.2,48.3,85.7
Enes Kanter, UTA,0,61.7,41,27.2,14.1,7.5,0.6,50,82.1
Trey Burke, UTA,0,61.68,44,32,12.7,2.5,4.8,37.3,81
Ryan Anderson, NO,0,61.54,44,29.1,14.9,5,1,41.6,84.5
DeMarre Carroll, ATL,0,61.17,40,31.7,11.8,5.4,1.6,46.5,67.6
Paul Pierce, WAS,0,61.09,43,26.9,12.8,4.5,2,45.8,79.2
Rajon Rondo, DAL,0,60.69,40,31.3,9.3,6.5,9.1,41,30.9
Ben McLemore, SAC,0,60.5,43,33.1,11.7,3.1,1.6,45.2,82.9
Jamal Crawford, LAC,0,60.39,44,25.8,15.7,2,2.8,40,90.9
Nicolas Batum, POR,0,60.12,38,33.4,9.1,5.2,4.6,38.7,80
Amir Johnson, TOR,0,59.93,42,26.5,9.7,5.8,1.4,57.5,60.8
Solomon Hill, IND,0,59.84,47,31.6,9.8,4.3,2.3,38.3,80.3
Jarrett Jack, BKN,0,59.8,44,29.3,11.5,3.2,4.5,44.4,84.6
Tristan Thompson, CLE,0,59.63,46,28.7,9.5,8.3,0.5,53.3,62.4
Derrick Rose, CHI,0,59.62,36,30.2,18.6,3.1,4.9,41.6,80.8
Avery Bradley, BOS,0,59.45,42,30.4,13.1,2.7,1.5,42.9,79.2
Donatas Motiejunas, HOU,0,59.24,45,27.8,10.9,6.1,1.7,50.8,64.4
Kawhi Leonard, SA,0,59.14,28,32,15.5,8.1,2.4,45,78.5
Mario Chalmers, MIA,0,59.11,45,30.9,10.9,2.7,4.2,40.8,78.7
Kentavious Caldwell-Pope, DET,0,59.03,46,31.6,11.8,3.2,1.1,39.2,70.5
Khris Middleton, MIL,0,58.86,42,25.5,10.6,4,1.7,46.9,81.2
Evan Fournier, ORL,0,58.73,45,29.4,12.6,2.6,2,43,71
Lou Williams, TOR,0,58.39,45,24.3,14.9,1.8,1.7,40.3,85.5
Isaiah Thomas, PHO,0,58.32,38,25.6,15.4,2.3,3.7,44.3,87.4
Carlos Boozer, LAL,0,58.23,45,24.8,12.1,6.9,1.2,52.5,59.4
Matt Barnes, LAC,0,57.88,43,28.6,9.8,3.6,1.3,47.6,81
Corey Brewer, HOU,0,57.8,43,26.4,10.9,3.2,2.7,42.5,73.9
Timofey Mozgov, CLE,0,57.77,45,25.9,8.7,8,0.4,51.3,73
Wesley Johnson, LAL,0,57.64,43,29.2,9.2,3.6,1.8,40.8,80
Evan Turner, BOS,0,57.43,43,25.2,9.2,4.5,4.4,44.7,75
Roy Hibbert, IND,0,57.39,43,25,11.1,7,1.3,44.8,81.9
Deron Williams, BKN,0,57.33,32,31.2,13.9,3,6.2,39.6,86.2
P.J. Tucker, PHO,0,57.2,42,27.9,7.7,5.8,1.6,45,76.8
Patrick Patterson, TOR,0,57.05,45,26.1,8.3,5.4,1.9,46.9,78.4
Jeremy Lin, LAL,0,57.02,45,25.7,10.5,2.5,4.6,42.8,76.9
Taj Gibson, CHI,0,57,38,28.7,11.3,7.1,1.4,49.3,69.5
Mo Williams, MIN,0,56.9,36,28.4,12.5,2.3,6.4,39.9,85
Kelly Olynyk, BOS,0,56.88,40,24.5,11.1,5.4,1.7,50.6,68.2
Terrence Ross, TOR,0,56.58,45,26.6,10.7,3.3,0.9,41.3,84.6
Rudy Gobert, UTA,0,56.57,45,21.6,6.8,7.2,1.1,63.9,67.3
Mason Plumlee, BKN,0,56.5,44,22.7,10.4,6.7,0.9,59.4,49.2
Channing Frye, ORL,0,56.44,47,29.6,8,4.6,1.5,39.6,85.7
Gerald Green, PHO,0,56.37,46,21.6,13.5,2.9,1.2,41.8,87.4
Ed Davis, LAL,0,56.36,46,24.1,8,7,1,59.3,52.2
Cory Joseph, SA,0,56.31,44,24.3,9.3,3,3,51.4,72.5
Nerlens Noel, PHI ,1,56.18,41,30.1,8,7.3,1.5,42.7,52.7
Manu Ginobili, SA,0,56.11,40,24.7,12.4,3,4.8,41.9,74.1
O.J. Mayo, MIL,0,55.86,45,24.4,11.4,2.5,2.9,42.9,83
Elfrid Payton, ORL ,1,55.82,48,27.5,7.8,3.6,5.8,41.6,52.8
Gerald Henderson, CHA,0,55.79,43,26.3,10.3,2.9,2.2,44.3,86.5
Brook Lopez, BKN,0,55.74,34,26.4,14.6,6,0.6,49.6,82
Omer Asik, NO,0,55.6,41,25.8,7.2,10,0.9,51.9,58.1
Boris Diaw, SA,0,55.46,45,25.6,8.6,4.4,3.2,45.2,73
Rodney Stuckey, IND,0,55.22,39,26.3,11.6,3.7,3,42.6,81
K.J. McDaniels, PHI ,1,54.7,44,26.1,9.2,3.8,1.4,39.5,74.1
Tyler Zeller, BOS,0,54.59,43,20,9.4,5.3,1.4,56.9,84.8
 Nene, WAS,0,54.59,39,25,11.1,5.2,2,52,61.3
Marreese Speights, GS,0,54.33,42,18.5,12.3,5.1,1,51.1,81.5
Joakim Noah, CHI,0,54.3,36,30.3,7.8,9.3,3.6,44.6,62.2
Patrick Beverley, HOU,0,54.22,33,31.1,11.4,4.6,3.2,40.1,70.7
David West, IND,0,54.09,32,29.7,12.8,7,3.3,47,77
Henry Sims, PHI,0,53.85,45,21.5,9.4,5.6,1.1,49,79.4
Robert Covington, PHI,0,53.68,35,27.7,12.3,4.3,1.2,38.9,83.5
Aaron Brooks, CHI,0,53.65,47,20,11.1,1.8,2.9,45,86.3
Shabazz Muhammad, MIN,0,53.48,35,23.3,13.7,4,1.2,48.8,72.2
Steven Adams, OKC,0,53.39,44,24.4,7.4,7.2,0.9,53.3,52.5
Jared Dudley, MIL,0,53.32,45,22.4,7.4,3,1.6,49.2,76.2
Tony Parker, SA,0,53.31,32,29,14.4,1.7,4.7,48.1,79
Luis Scola, IND,0,53.27,47,20.4,9,6.3,1.5,45.6,66.1
Zaza Pachulia, MIL,0,53.26,42,23.2,7.9,6.6,2.3,44.5,78
Rasual Butler, WAS,0,53.26,42,22.5,9.3,2.9,0.9,46.2,78
Kris Humphries, WAS,0,53.16,45,21.6,8.3,6.6,0.9,47.3,75.3
Donald Sloan, IND,0,53.15,39,25,9.6,3.4,4.4,41.3,78.7
Alex Len, PHO,0,53.1,46,20.5,6.4,6.1,0.4,56.5,73.2
Tim Hardaway Jr., NY,0,53.1,44,23.2,11.4,2,1.8,39.2,82.5
Dion Waiters, OKC,0,52.86,43,24.8,10.7,1.8,2.1,39.8,75.3
Cody Zeller, CHA,0,52.75,44,23.9,7.6,5.5,1.5,45.1,75
Marcus Morris, PHO,0,52.57,46,23,9.8,3.8,1.4,46.1,63.8
D.J. Augustin, DET,0,52.53,46,22.1,9.2,1.8,4.3,40.3,83.5
Greivis Vasquez, TOR,0,52.49,45,22.5,9.4,2.5,3.7,39.6,71.4
Chris Kaman, POR,0,52.48,44,20.4,9.5,6.8,1,48.7,69.2
Luc Richard Mbah a Moute, PHI,0,52.43,38,28.1,9.4,4.7,1.2,41.7,63.4
Devin Harris, DAL,0,52.16,44,22.2,8.4,1.8,3.3,41.5,79.1
Tony Wroten, PHI,0,52.01,30,29.8,16.9,2.9,5.2,40.3,66.7
Andre Iguodala, GS,0,51.84,41,27,6.8,3.1,2.9,44.4,50.8
DeMar DeRozan, TOR,0,51.81,24,32.9,18.3,4,2.5,40.3,79.6
Jerryd Bayless, MIL,0,51.39,44,21.1,7.7,2.1,3,44.9,93.8
Alec Burks, UTA,0,51.21,27,33.3,13.9,4.2,3,40.3,82.2
Brandon Bass, BOS,0,51.2,43,19.8,9.3,4,1.2,47.7,78.3
Amar'e Stoudemire, NY,0,51.06,32,24.9,12.2,7,1,55.1,71.3
Kyle Singler, DET,0,51,46,23,7.3,2.6,1.1,40.7,78.1
Tony Allen, MEM,0,50.97,37,25.3,8,3.7,1.5,47.6,72.5
J.R. Smith, CLE,0,50.94,35,28,11.9,2.7,2.9,40.1,72
Anthony Morrow, OKC,0,50.9,38,24.5,9.5,2.6,0.9,42.4,85.7
Beno Udrih, MEM,0,50.48,43,18.7,7.9,1.8,3.2,51.3,86.4
Mike Dunleavy, CHI,0,50.37,33,29.5,9.6,3.8,1.7,44.7,76.6
James Johnson, TOR,0,50.29,40,20.4,7.7,4.1,1.5,59.8,66.7
Marvin Williams, CHA,0,50.27,43,24.7,6.5,4.5,1.2,43.1,64.9
Shawne Williams, MIA,0,50.23,42,21.4,6.9,3.3,0.8,43.3,84.8
Nick Young, LAL,0,50.12,35,23.9,14.1,2.3,1,37.3,92.2
Jose Calderon, NY,0,50.04,31,30.5,9.2,3.3,4.4,39.9,100
Nikola Mirotic, CHI ,1,49.7,47,18,7.8,4.6,1.1,40.9,78
Zach LaVine, MIN ,1,49.51,41,22.8,8,2.2,3.4,40.5,81.1
Jason Thompson, SAC,0,49.43,42,25.1,5.6,6.4,0.9,46.6,62.3
C.J. Miles, IND,0,49.38,36,25,12.4,2.9,1.2,36.6,78.8
Lavoy Allen, IND,0,49.36,41,21.2,6.5,6.6,1.4,49.2,69.2
Jason Terry, HOU,0,49.22,42,22.1,7.8,1.4,2,42.7,76.7
Thabo Sefolosha, ATL,0,49.21,43,19.4,5.3,4.4,1.5,43.1,74.5
Bojan Bogdanovic, BKN ,1,49.18,43,22.6,7.4,2.5,0.7,41.2,86.8
Brandan Wright, PHO,0,49.18,41,17,7.1,3.5,0.5,70.4,70.7
Mirza Teletovic, BKN,0,49.17,40,22.3,8.5,4.8,1.2,38.2,71.7
Shane Larkin, NY,0,49.15,42,22.7,5.6,1.9,2.5,41.7,86.7
Lance Stephenson, CHA,0,49.12,31,31,9.8,6.1,4.8,38.5,60.3
Quincy Acy, NY,0,49.06,39,21.1,6,5,1.1,52,74.1
Jason Smith, NY,0,48.61,45,19.5,7.4,3.2,1.2,43.1,83.1
Shawn Marion, CLE,0,48.28,42,22,5.6,3.9,1,44.6,80
Kirk Hinrich, CHI,0,48.09,40,27.6,6.9,1.9,2.6,37.3,73.3
Dennis Schroder, ATL,0,47.96,43,17.7,8.1,2,3.3,44.1,77.4
Andrew Bogut, GS,0,47.96,29,24.3,6.8,8.7,2.8,54.9,63
Alan Anderson, BKN,0,47.94,44,22.2,5.8,2.7,0.9,41,80
Kevin Garnett, BKN,0,47.81,35,21.4,7.1,7.1,1.8,45.5,86.5
Wayne Ellington, LAL,0,47.75,37,20.5,8.2,2.9,1.3,46.2,77.4
Trevor Booker, UTA,0,47.61,43,18.9,6.9,4.5,1,49.8,62.2
Jameer Nelson, DEN,0,47.6,36,24.1,7.8,2.5,4.5,37.5,72.7
J.J. Barea, DAL,0,47.48,45,15.8,7,1.7,3.2,42.5,80
Caron Butler, DET,0,47.44,45,21.2,5.6,2.8,0.8,38,90.3
JJ Hickson, DEN,0,47.4,37,20.3,8.3,6.6,1,49.6,61.8
Norris Cole, MIA,0,47.31,40,24.4,6.2,2.3,3.3,38.8,71.1
Jabari Parker, MIL ,1,47.2,25,29.5,12.3,5.5,1.7,49,69.7
Miles Plumlee, PHO,0,47.12,46,19.2,4.5,5.2,0.6,56.1,50
Brian Roberts, CHA,0,46.98,45,17.4,6.8,1.3,2.1,42,90.2
Carl Landry, SAC,0,46.83,38,18.7,8.2,4.4,0.5,53.5,85
Gary Neal, CHA,0,46.81,37,22.1,9.8,2.3,1.9,35.6,85.4
Michael Kidd-Gilchrist, CHA,0,46.56,31,26.4,9.9,7.2,1.5,43.7,67.4
Eric Gordon, NO,0,46.45,24,32.5,12,2.7,3.4,43.7,79.5
Steve Blake, POR,0,46.11,45,21,4.5,2,3.8,35.7,77.3
Kevin Seraphin, WAS,0,45.91,45,15.6,7.1,3.6,0.8,54.1,71.7
Ronnie Price, LAL,0,45.91,41,22.9,5.2,1.6,3.7,35.2,79.5
Pablo Prigioni, NY,0,45.87,41,18.8,4.8,1.8,2.5,42.9,84.6
Austin Rivers, LAC,0,45.74,41,21.1,6.3,1.9,2.4,38.1,70.1
Aron Baynes, SA,0,45.39,40,15.1,6.5,4.5,0.5,56.7,84.6
C.J. Watson, IND,0,45.04,29,27.4,10.4,2.7,3.7,43.4,82.2
Tayshaun Prince, BOS,0,45.02,31,23.8,7.3,3.1,1.5,43.3,82.4
Kosta Koufos, MEM,0,44.93,44,15.8,4.9,4.6,0.5,53.3,70.6
Jonas Jerebko, DET,0,44.9,41,15.7,5.5,3.2,1,45.9,85.7
Otto Porter, WAS,0,44.71,41,17.9,5.3,2.9,0.9,46.1,75
Shaun Livingston, GS,0,44.59,41,17.5,5.6,1.8,3,51.8,75
Robin Lopez, POR,0,44.58,25,27.8,9.6,7.2,1.2,50.5,80.4
Mike Scott, ATL,0,44.56,43,14.9,7.4,2.5,0.9,44.2,83
Joe Ingles, UTA ,1,44.49,45,19.2,3.7,2,2.4,39.1,70.6
Kevin Martin, MIN,0,44.05,9,29.8,20.4,3.7,1.9,48.3,87.5
Anthony Bennett, MIN,0,43.94,43,16.6,5.7,4,0.9,42.5,59.6
Jae Crowder, BOS,0,43.83,44,14.2,5,1.9,0.7,45.5,80.6
Hollis Thompson, PHI,0,43.59,34,25.5,7.3,3,1.1,38.1,60.8
Darrell Arthur, DEN,0,43.45,37,17.9,7.4,3.3,1.1,42.4,83.8
Chris Copeland, IND,0,43.34,41,19.1,7.3,2.6,1.1,36.4,73.3
Dante Exum, UTA ,1,43.29,45,19.6,5,1.4,2.2,38.3,62.1
Bismack Biyombo, CHA,0,43.17,38,17.6,4.6,6.2,0.2,56.9,50.5
Anderson Varejao, CLE,0,42.98,26,24.5,9.8,6.5,1.3,55.5,73.3
Ben Gordon, ORL,0,42.9,43,15.1,6.7,1.2,0.9,44.7,86
Kendrick Perkins, OKC,0,42.7,44,19.1,4,5.7,0.8,43.6,52.2
Vince Carter, MEM,0,42.66,43,16.8,6.1,1.9,1.3,33.6,75.7
Andre Roberson, OKC,0,42.5,37,21,3.8,4.3,1.2,45.5,47.6
Andre Miller, WAS,0,42.34,46,12.5,3.8,1.5,2.9,55.2,68.6
Marco Belinelli, SA,0,41.34,29,23.8,9.7,2.8,1.6,42.6,79.3
Derrick Williams, SAC,0,41.31,38,17.4,6.9,2.7,0.5,44.5,64.4
Spencer Hawes, LAC,0,41.25,36,17,6.2,4.1,1.3,41,65
Richard Jefferson, DAL,0,41.08,41,15.4,5.1,2.3,0.9,43.6,60
Jon Leuer, MEM,0,40.97,40,15.3,5.5,3.8,0.9,45.6,60.5
Kostas Papanikolaou, HOU ,1,40.45,36,20,4.5,3.1,2.1,34.4,68.8
Quincy Pondexter, NO,0,40.36,38,19.8,5,2.3,1,35.8,73.3
Al-Farouq Aminu, DAL,0,40.19,40,14,4.5,3.2,0.6,43.6,73.2
Jeremy Lamb, OKC,0,40.18,32,16.6,7.5,2.8,1.2,41.3,89.8
Robbie Hummel, MIN,0,40.17,36,15,4.2,2.8,0.6,48.8,79.2
Kyle O'Quinn, ORL,0,39.89,33,18,6.8,4,1.3,50.6,85
Iman Shumpert, CLE,0,39.79,27,24.7,8.8,3.1,3,41.3,67.6
Chase Budinger, MIN,0,39.64,38,15.8,4.7,2.6,0.8,37,80
Jodie Meeks, DET,0,39.61,24,24.7,11.7,1.7,1.5,40.9,93.2
Matt Bonner, SA,0,39.61,40,16.1,5,1.8,0.8,41.1,81.5
Chris Andersen, MIA,0,39.49,29,20.1,5.1,5.1,0.7,60.5,64.2
Dante Cunningham, NO,0,38.97,29,24.5,5,3.4,0.6,48.2,61.1
Shabazz Napier, MIA ,1,38.9,34,20.8,5.1,2.4,2.2,37.5,75
Jusuf Nurkic, DEN ,1,38.77,33,15.8,6.5,5.9,0.8,44.4,67.7
Marcus Smart, BOS ,1,38.75,29,22.2,6.5,2.4,3.1,38.8,71.1
Anthony Tolliver, DET,0,38.24,40,13.6,5,2.4,0.6,42.8,75.8
Omri Casspi, SAC,0,38.19,30,16.9,7.3,3.3,1.3,52.4,76.8
James Ennis, MIA ,1,38.1,38,14.1,3.7,2.3,0.6,39.5,85.4
Nick Collison, OKC,0,38.09,38,16.1,3.9,3.4,1.3,42.8,58.3
Larry Sanders, MIL,0,37.88,27,21.7,7.3,6.1,0.9,50,50
Nik Stauskas, SAC ,1,37.81,41,14.2,3.7,1.1,0.7,34.9,82.8
Marcus Thornton, BOS,0,37.79,31,15.7,7.8,1.5,0.9,40.8,81.1
Cole Aldrich, NY,0,37.23,31,17,5.6,5.5,1.2,49.4,75
David Lee, GS,0,37.2,19,19.8,10,6.5,2.1,50.3,72.7
Travis Wear, NY ,1,37.12,37,12.6,4.1,1.8,0.8,42.8,81.2
Pero Antic, ATL,0,36.71,34,17.4,6.3,2.9,1,40.5,67.7
Robert Sacre, LAL,0,36.71,40,14.8,3.8,3,0.6,40.9,62.5
Tarik Black, LAL ,1,36.7,33,16,4.9,5.1,0.4,57.9,55.6
Tyler Hansbrough, TOR,0,36.7,39,13.9,3,3.4,0.3,46.9,63.1
Terrence Jones, HOU,0,36.48,4,29.2,14,7.5,1.5,52.1,75
Ersan Ilyasova, MIL,0,36.28,26,18.2,9.3,3.8,0.8,47.8,60.5
Alonzo Gee, DEN,0,36.17,34,12.9,5,1.7,0.5,46.7,76.3
Alexis Ajinca, NO,0,35.91,33,11.4,5,4.1,0.4,59.5,74.4
John Henson, MIL,0,35.84,30,15.7,6.1,3.8,0.9,58.1,65.3
Tony Snell, CHI,0,35.74,38,12.9,3.4,1.7,0.5,39.8,83.3
Nikola Pekovic, MIN,0,35.49,13,26.9,12.1,7.4,0.7,41,85.5
Kent Bazemore, ATL,0,35.46,38,11.7,3.4,2,0.6,42.1,56.7
Luke Babbitt, NO,0,35.41,37,13.4,3.4,1.6,0.2,42.3,60
Leandro Barbosa, GS,0,35.4,32,12.7,6,1.2,1,47,80
Tiago Splitter, SA,0,35.14,24,19.7,7.3,4.8,1.8,52.3,70.4
JaKarr Sampson, PHI ,1,34.67,39,11.7,3.7,1.8,0.8,42.9,55.9
Glen Davis, LAC,0,34.59,38,10.6,3.7,2,0.4,48.7,72.1
Danilo Gallinari, DEN,0,34.38,27,18.6,7.6,2.8,1.1,34.9,89.1
Ricky Rubio, MIN,0,34.37,5,28.8,9.4,5.6,10,42.6,60
Hassan Whiteside, MIA,0,34.27,19,17.1,8.2,6.7,0.2,65.3,54.8
Damjan Rudez, IND ,1,34.12,36,16.1,4.6,0.9,0.8,41.2,65
Ian Mahinmi, IND,0,34.11,29,18.8,4.9,6,0.6,60.2,39.5
Langston Galloway, NY ,1,33.99,8,28,12.1,4.1,3,42.9,76.5
Allen Crabbe, POR,0,33.93,32,14.3,3.4,1.2,0.9,42.9,88.9
P.J. Hairston, CHA ,1,33.83,32,15,5.5,2.2,0.5,32.5,83.3
Matthew Dellavedova, CLE,0,33.69,31,20.8,4.3,1.9,3.2,34.3,61.1
Jerami Grant, PHI ,1,32.83,30,18,5.3,2.7,0.6,37,58
Sergey Karasev, BKN,0,32.75,28,18.4,5.1,2.1,1.4,40.7,76.3
Lance Thomas, NY,0,32.28,27,21.5,6,3.7,1.2,39.1,69.8
Danny Granger, MIA,0,32.19,24,21.2,6.5,2.8,0.6,42.1,70.4
Jerome Jordan, BKN,0,32.17,32,9.3,3.3,2.6,0.3,60.3,83.3
George Hill, IND,0,31.94,8,23.4,14.2,3.5,2.5,46.2,78.9
Kendall Marshall, MIL,0,31.86,28,14.9,4.2,1,3.1,45.5,88.9
Reggie Evans, SAC,0,31.59,27,17.9,4.1,6.8,0.6,42.7,60
Meyers Leonard, POR,0,31.39,23,15.4,5.7,4.4,0.6,51.6,89.5
Shelvin Mack, ATL,0,31.1,31,13.7,4.5,1.5,2.8,37.3,78.9
Joel Freeland, POR,0,30.92,31,13.5,3.5,4.5,0.4,47.4,84.2
Perry Jones, OKC,0,30.56,26,19.1,6.1,2.2,0.4,43.4,67.6
Ramon Sessions, SAC,0,30.51,27,17.1,5.7,1.9,2.6,34.2,73.8
Garrett Temple, WAS,0,30.36,34,11.2,3,1.5,0.9,35.2,78.6
Luke Ridnour, ORL,0,29.83,28,14.5,4.2,1.7,2.2,45.6,84.6
Patty Mills, SA,0,29.71,15,20.5,10.1,2.2,1.5,41.9,90
Justin Holiday, GS,0,29.68,29,11.6,4.8,1.2,0.9,42.1,73.9
Alexey Shved, HOU,0,29.62,26,13.2,7.6,1,1.9,39,83.8
Ray Jr. McCallum, SAC,0,29.61,30,13.9,4.2,1.8,1.4,40.8,62.5
Joey Dorsey, HOU,0,29.53,35,11.3,2,3.8,0.3,50.9,30
Udonis Haslem, MIA,0,29.14,31,14,3.5,3.8,0.6,44.4,65.5
Joe Harris, CLE ,1,28.74,35,11.1,2.8,0.8,0.6,39.8,62.5
Isaiah Canaan, HOU,0,28.39,23,15.6,6.7,1.4,1.3,42.7,76.2
CJ McCollum, POR,0,27.96,31,12.1,4.5,0.8,0.8,38.1,65.5
DeWayne Dedmon, ORL,0,27.5,31,11.6,3.3,4.2,0.2,51.9,58.1
Phil Pressey, BOS,0,27.27,28,12.3,3.5,1.5,2.2,36.2,73.9
Rodney Hood, UTA ,1,26.94,24,18.2,5.2,2.5,1.2,31.7,70.3
Thomas Robinson, POR,0,26.4,28,12.3,3.8,4.3,0.3,51.9,43.8
Troy Daniels, MIN,0,26.36,33,7.7,3,0.8,0.5,32.4,83.3
Jimmer Fredette, NO,0,26.21,30,10.8,3.7,0.7,1.1,38.3,92
Dorell Wright, POR,0,26.06,25,11.8,4.2,2.2,1,37.5,79.3
Jordan Clarkson, LAL ,1,25.77,24,14.5,5.8,1.6,1,39.3,78.7
Charlie Villanueva, DAL,0,25.28,29,7.9,5,1.8,0.2,44.4,80
Ryan Hollins, SAC,0,25.2,27,9.3,2.7,2.3,0.3,61.4,64.5
Greg Smith, DAL,0,25.16,30,8.9,2.1,2.1,0.2,63.9,53.3
Jeff Ayres, SA,0,25.13,28,8.8,2.9,2.4,0.4,54.4,85.7
Mike Miller, CLE,0,24.83,32,16.6,2.7,2.1,1.1,34.5,0
Hedo Turkoglu, LAC,0,24.55,28,9.5,2.6,1.2,0.5,50,50
Jason Maxiell, CHA,0,24.38,29,13.9,3,2.6,0.2,39.3,55.6
Kyle Anderson, SA ,1,24.07,27,12.6,2.6,2.5,1,35.8,64.3
Josh McRoberts, MIA,0,24.03,17,17.4,4.2,2.6,1.9,52.8,61.5
Willie Green, ORL,0,23.86,27,14.9,3.9,1.2,1.1,33.1,83.3
Festus Ezeli, GS,0,23.13,21,11.7,4.3,3,0.2,56.2,61.3
Aaron Gordon, ORL ,1,23.08,16,15.2,6.1,2.9,0.6,58.7,63
Reggie Bullock, PHO,0,22.94,26,10.2,2.5,1.5,0.2,41.8,80
James Jones, CLE,0,22.76,25,10.4,3.8,1.2,0.5,34.6,93.3
E'Twaun Moore, CHI,0,21.33,29,8.1,2.2,0.9,0.6,42.6,50
Randy Foye, DEN,0,21.13,17,16.3,6.1,1,1.6,32.7,81
Nick Calathes, MEM,0,21.08,22,11.7,3.5,1.3,2.2,44.2,46.2
Landry Fields, TOR,0,20.61,15,12.6,2.8,1.5,0.9,52.9,83.3
Maurice Harkless, ORL,0,20.35,22,14.5,3.3,2.2,0.7,40.8,68.8
Will Barton, POR,0,20.24,24,10.4,3.2,1.1,1,39,66.7
Elijah Millsap, UTA ,1,20.22,11,20.5,5.5,2.4,1.2,32.3,81.8
Dwight Powell, DAL ,1,19.53,18,8.6,3.3,1.7,0.4,58.8,73.9
JaVale McGee, DEN,0,18.88,14,11.6,5.4,3,0,58,68
Drew Gooden, WAS,0,18.81,22,11.9,3.5,2.4,0.6,39,58.3
Cory Jefferson, BKN ,1,18.38,21,10,3.6,2.4,0.4,41.1,59.1
Furkan Aldemir, PHI ,1,18.24,18,11.4,1.5,4.3,0.5,46.2,75
Justin Hamilton, MIA,0,18.24,19,13.3,2.8,2.2,0.3,39.7,80
Ryan Kelly, LAL,0,18.13,16,17.2,3.8,3,0.7,32.1,78.3
Mike Muscala, ATL,0,18.03,15,8.8,4.2,2.3,0.3,53.1,90.9
Joel Anthony, DET,0,17.14,24,6.5,1.2,1.5,0.1,57.1,57.1
Ish Smith, OKC,0,16.28,26,5.4,1.4,1,1,35.7,66.7
Gary Harris, DEN ,1,16.23,20,13,3.4,1.3,0.6,25.9,66.7
Cleanthony Early, NY ,1,16.11,14,14,4.7,1.7,0.8,37.9,50
John Salmons, NO,0,15.99,20,13.1,2.1,1,0.6,34,50
Elton Brand, ATL,0,15.94,16,12.6,3.1,3,0.5,46.8,46.2
Malcolm Thomas, PHI,0,15.74,17,11.4,2.6,3.3,0.4,45,69.2
Darius Morris, BKN,0,15.6,20,9.6,3.4,0.7,1.4,39.2,42.9
Ognjen Kuzmic, GS,0,15.27,15,4.7,1.3,1.1,0.4,66.7,100
T.J. Warren, PHO ,1,15.2,14,9.3,3.6,0.9,0.2,44.7,100
Nick Johnson, HOU ,1,15.15,17,10.7,3.2,1.4,0.4,34.6,77.8
Jeff Withey, NO,0,15.13,23,5.8,2.1,1.5,0.2,42.9,67.9
Ian Clark, UTA,0,14.95,18,7.7,2.2,0.6,0.5,35.1,100
Johnny O'Bryant, MIL ,1,14.86,18,12.7,3.9,1.7,0.5,40.3,52.9
Jeremy Evans, UTA,0,14.8,17,4.2,1.3,1.2,0.2,42.1,100
Quincy Miller, SAC,0,14.66,2,20,7,4,1,27.3,77.8
Doug McDermott, CHI ,1,13.53,18,11.1,3.1,1.6,0.1,42.3,50
Larry II Drew, PHI ,1,13.48,7,20.6,4.6,1.3,4,35,66.7
Chuck Hayes, TOR,0,13.4,18,9,1.8,1.7,0.7,48.3,55.6
Greg Stiemsma, TOR,0,12.84,9,4.9,1.3,1.2,0.2,83.3,100
Lou Amundson, NY,0,12.66,17,10.9,2,2.9,0.9,38.9,46.2
Gerald Wallace, BOS,0,12.5,18,7.5,0.9,1,0.1,45.5,75
Nate Wolters, NO,0,12.38,18,13.1,2.3,1.8,1,37,33.3
Jannero Pargo, CHA,0,12.24,9,8.1,4.6,0.3,0.9,42.9,100
Ekpe Udoh, LAC,0,11.94,21,3.3,0.6,0.5,0.3,41.7,100
Glenn Robinson, MIN ,1,11.8,22,4.3,1.2,0.6,0.1,34.8,71.4
Spencer Dinwiddie, DET ,1,11.04,11,10.8,2.9,1,2.2,30.8,100
Brandon Rush, GS,0,10.57,21,8,0.9,1.3,0.4,23.3,60
Jordan Adams, MEM ,1,10.52,12,7.2,2.8,0.8,0.5,46.2,50
Andrew Nicholson, ORL,0,10.4,18,8.9,3.1,1.3,0.4,35.8,42.9
Mitch McGary, OKC ,1,10.25,1,7,3,4,0,100,50
Archie Goodwin, PHO,0,10.12,13,7.4,3.6,1.3,0.5,34.1,73.9
Erick Green, DEN ,1,10.1,14,7.3,3.3,0.4,0.7,44.7,50
Devyn Marble, ORL ,1,10.07,16,13,2.3,1.9,1.1,31.8,31.2
James McAdoo, GS ,1,9.53,3,6.7,4.7,1.7,0,71.4,57.1
Tyler Ennis, PHO ,1,9.18,7,7.9,3.1,1,1.6,45,100
Jarnell Stokes, MEM ,1,9.15,16,5.6,2.1,1.3,0.1,48,52.9
Markel Brown, BKN ,1,8.67,13,6.3,2.4,0.8,0.4,33.3,76.9
Brendan Haywood, CLE,0,8.4,16,5.3,1.8,1.6,0.1,48,50
John Jenkins, ATL,0,8.04,4,7.5,3.8,0.8,0,46.2,100
DeJuan Blair, WAS,0,7.39,14,4.6,1.4,1.4,0.1,56.2,50
Shayne Whittington, IND ,1,7.26,13,4.5,2,1.2,0.5,47.4,63.6
Raymond Felton, DAL,0,7.1,8,6.9,3,0.5,1.6,40,100
James Young, BOS ,1,6.4,11,7.4,3.1,0.8,0.3,46.7,0
Martell Webster, WAS,0,6.2,11,10.8,2.7,0.8,0.7,25,72.2
Steve Novak, UTA,0,6.06,19,3.9,1.3,0.7,0.2,36.4,0
Jeff Taylor, CHA,0,5.24,6,7.3,3.3,1.5,0.7,41.2,40
Shavlik Randolph, BOS,0,5.15,16,6.3,1.1,1.6,0.2,24,50
Luigi Datome, DET,0,3.08,1,12,7,1,1,37.5,0
Noah Vonleh, CHA ,1,3.03,8,7.4,1.9,2.2,0.1,35.3,50
Victor Claver, POR,0,2.74,7,10,2.6,2.9,0.1,41.2,0
Kenyon Martin, MIL,0,2.56,8,5.9,1.2,1.1,0.2,33.3,100
Eric Moreland, SAC ,1,2.1,3,0.7,0.7,0.3,0,100,0
Andrea Bargnani, NY,0,1.28,2,11,4.5,2,1,36.4,25
Miroslav Raduljica, MIN,0,1,5,4.6,1.6,1,0,37.5,100
Cartier Martin, DET,0,0.31,14,8.2,1.6,0.8,0.4,27.3,0
Nazr Mohammed, CHI,0,0.03,10,5.9,1.1,1.6,0.1,38.5,33.3
C.J. Wilcox, LAC ,1,-0.39,6,4.8,2.5,0.3,0.3,42.9,0
Cameron Bairstow, CHI ,1,-0.63,11,4.5,0.9,0.7,0.1,25,80
Bruno Caboclo, TOR ,1,-2.95,3,5,2.7,0.7,0,33.3,0
Lucas Nogueira, TOR ,1,-3.98,5,4,1.2,2,0.2,28.6,50
Adreian Payne, ATL ,1,-4.5,3,6.3,1.7,1.3,0,28.6,50
Zoran Dragic, PHO ,1,-6.75,4,2,0.8,0.2,0.2,20,100
Dahntay Jones, LAC,0,-7.2,5,5,0.8,0.2,0,40,0
Julius Randle, LAL ,0,-7.59,1,14,2,0,0,33.3,0
Andrei Kirilenko, PHI,0,-7.8,7,5.1,0.4,1.1,0.1,0,75
Andre Dawkins, BOS ,1,-9.87,4,5.5,0.8,0.5,0.2,16.7,0
Grant Jerrett, OKC ,1,-10.05,5,5,1.4,0.8,0.2,17.6,0
Russ Smith, MEM ,1,-10.21,6,4.8,0.8,0.5,0.3,20,0
Clint N'Dumba-Capela, HOU ,1,-15.65,5,3.6,0,1.2,0.2,0,0
Ricky Ledo, DAL,0,-20.38,2,1,0,0.5,0,0,0
Tyrus Thomas, MEM,0,-21.25,1,1,0,0,0,0,0
Joel Embiid, PHI ,1,-22.5,0,0,0,0,0,0,0
Jason Richardson, PHI,0,-22.5,0,0,0,0,0,0,0
Damien Inglis, MIL ,1,-22.5,0,0,0,0,0,0,0
Steve Nash, LAL,0,-23,0,0,0,0,0,0,0
Paul George, IND,0,-23.5,0,0,0,0,0,0,0
